Athene,Polotti,apolotti02@berkeley.edu,qYVKmtcC
Kirstyn,Evill,kevill12@wix.com,3FiJbY
Timothee,Lampen,tlampen22@unicef.org,ZFhArb
Rebecca,Antonikov,rantonikov32@sciencedaily.com,RieEmf2Qhqkc
Sofia,Nuttey,snuttey42@zimbio.com,CRXq5Ii1
Royce,Manilow,rmanilow52@economist.com,y7nPDdmId4S
Caresa,Gude,cgude62@elpais.com,oGtHMn
Concettina,Dall,cdall72@jalbum.net,x7RmEdHi
Eugen,Rennels,erennels82@etsy.com,rAOMSt196w
Adaline,Axton,aaxton92@histats.com,VipXWxL

